Ticket_No,Created_Date,Created_Time,Assigned_To,Resolved_Date,Resolved_Time,Disposition_Folder_Level 1,Disposition_Folder_Level_2,Phone,Email,Ticket_All_Remarks,Resolution,Program_Name,Issue_2_NPS,NPS_Rating,Status,Sub_Status,Duration
75591735734,12/01/2024,18:16:02,David Wilson,19/01/2024,15:55:45,Counselling Team - NPS,Others (NPS),9562254028,learner001@example.com,No code review feedback provided for assignments. Submitting working solutions but don't know if following best practices or industry standards.,Introduced mandatory code review sessions with senior developers,DSML,Projects & Assignment Related Concern (NPS),7,Complete,Solved,7
75958260221,25/01/2024,17:43:46,David Wilson,26/01/2024,2:48:09,Counselling Team - NPS,Placement (NPS),8564319318,learner002@example.com,No code review feedback provided for assignments. Submitting working solutions but don't know if following best practices or industry standards.,Introduced mandatory code review sessions with senior developers,Academy,Projects & Assignment Related Concern (NPS),9,Complete,Solved,1
75838508549,12/01/2024,14:25:44,Rohit Gupta,15/01/2024,10:04:24,Counselling Team - NPS,Placement (NPS),9381183483,learner003@example.com,"Assignment datasets have data quality issues but no guidance on how to handle missing values, outliers, or inconsistent formats professionally.",Created data cleaning tutorial series and best practices documentation,AIML,Projects & Assignment Related Concern (NPS),8,Complete,Solved,3
75988343096,11/01/2024,9:19:18,Lisa Rodriguez,12/01/2024,3:11:46,Counselling Team - NPS,Others (NPS),8846355528,learner004@example.com,Live sessions scheduled during US client calls for IT professionals. 2-6 PM IST overlaps with standup meetings and client presentations. Need flexible timing.,Added recorded session options and weekend makeup classes,DSML,Time Management Related Concerns (NPS),9,Complete,Solved,1
75500273738,08/01/2024,12:43:19,Amit Patel,,,Counselling Team - NPS,Placement (NPS),7855256552,learner005@example.com,Told course would take 6 months but curriculum actually requires 10+ months for completion. Time commitment significantly underestimated.,Updated course duration estimates and provided realistic timeline planning,AIML,False Promise By Sales Team (NPS),5,Pending,In Progress,0
75930833445,18/01/2024,15:15:09,Priya Sharma,25/01/2024,16:43:25,Counselling Team - NPS,Tech (NPS),7457788949,learner006@example.com,Morning Academy Jul25 Intermediate (9 AM - 12 PM) conflicts with Infosys office hours. Requested evening transfer 5 times over 2 months but no response from counseling team.,Immediately transferred to 7-10 PM evening Academy Jul25 Intermediate with same instructor,DSML,Time Management Related Concerns (NPS),8,Complete,Solved,7
75543171768,21/01/2024,16:42:33,Jessica Kim,23/01/2024,6:42:03,Counselling Team - NPS,Others (NPS),9557448229,learner007@example.com,Told course would take 6 months but curriculum actually requires 10+ months for completion. Time commitment significantly underestimated.,Updated course duration estimates and provided realistic timeline planning,AIML,False Promise By Sales Team (NPS),9,Complete,Solved,2
75570894498,22/01/2024,20:55:30,Jessica Kim,24/01/2024,16:21:55,Counselling Team - NPS,Program & Classroom (NPS),8113219231,learner008@example.com,"Considering career break for higher studies (MS abroad). Need advice on timing, university selection, and maintaining professional network during studies.",Provided comprehensive higher education guidance and alumni connections,Academy,Looking For Career Guidance (NPS),6,Complete,Solved,2
75691751878,28/01/2024,14:20:57,David Wilson,,,Counselling Team - NPS,Others (NPS),7346078411,learner009@example.com,Sales promised 100% job guarantee within 6 months but placement team says no such commitment exists. Feel misled about course outcomes.,Clarified placement support terms and provided additional career assistance,DevOps,False Promise By Sales Team (NPS),9,Pending,In Progress,0
75846434187,26/01/2024,9:13:53,David Wilson,28/01/2024,23:38:29,Counselling Team - NPS,Placement (NPS),8672790155,learner010@example.com,DevOps AIML Jul25 has 220+ students making doubt sessions chaotic. Individual questions take 15+ minutes to address. Class extends to 4+ hours regularly.,Split into 2 parallel AIML Jul25es and assigned dedicated TA support,DSML,Time Management Related Concerns (NPS),8,Complete,Solved,2
75977909930,12/01/2024,20:47:34,David Wilson,13/01/2024,14:55:26,Counselling Team - NPS,Placement (NPS),7947206476,learner011@example.com,Sales promised 100% job guarantee within 6 months but placement team says no such commitment exists. Feel misled about course outcomes.,Clarified placement support terms and provided additional career assistance,DSML,False Promise By Sales Team (NPS),6,Complete,Solved,1
75537039296,06/01/2024,18:34:01,Carlos Martinez,18/01/2024,21:30:24,Counselling Team - NPS,Tech (NPS),9542160120,learner012@example.com,Multiple TAs provide conflicting solutions for same problem. Creates confusion about best practices and correct approach for implementation.,Implemented TA training program and standardized solution guidelines,DSML,TA Support Related Concerns (NPS),8,Complete,Solved,12
75679340713,16/01/2024,15:20:13,Sneha Reddy,,,Counselling Team - NPS,Others (NPS),8403792057,learner013@example.com,Placement eligibility criteria require 70%+ in graduation but scored 68% due to family financial crisis during college. Seems unfair exclusion.,Reviewed eligibility criteria and created exception process for genuine hardship cases,DSML,Not eligible for placements (NPS),9,Pending,In Progress,0
75979196799,14/01/2024,9:22:14,Sneha Reddy,16/01/2024,12:16:33,Counselling Team - NPS,Tech (NPS),9799264931,learner014@example.com,"Interested in international opportunities but confused about visa processes, skill requirements, and cultural preparation for US/Canada markets.",Connected with professionals who successfully relocated internationally,Academy,Looking For Career Guidance (NPS),8,Complete,Solved,2
75675139575,05/01/2024,14:10:38,Rohit Gupta,14/01/2024,23:15:08,Counselling Team - NPS,Placement (NPS),7491914923,learner015@example.com,"Instructor David Wilson Rajesh Kumar in AIML Jul25 AIML Jul25 explains neural networks too fast. Yesterday's backpropagation session covered complex mathematics in 20 minutes without examples. When students ask questions, he just says 'check the slides'. Need detailed mathematical walkthrough.",Arranged additional math tutorial sessions with TA support,AIML,Instructor Related Feedback (NPS),8,Complete,Solved,9
75612954978,24/01/2024,10:37:44,Sneha Reddy,28/01/2024,18:15:52,Counselling Team - NPS,Others (NPS),7437662764,learner016@example.com,Sales promised 100% job guarantee within 6 months but placement team says no such commitment exists. Feel misled about course outcomes.,Clarified placement support terms and provided additional career assistance,AIML,False Promise By Sales Team (NPS),10,Complete,Solved,4
75413585139,26/02/2024,15:52:31,David Wilson,01/03/2024,19:01:22,Counselling Team - NPS,Tech (NPS),7437662764,learner017@example.com,Evening Academy Jul25 Beginner starts at 7 PM when dinner time with family. Work-life balance getting affected due to late learning schedule.,Introduced early evening slots (6-8 PM) based on demand,DevOps,Unhappy With The Class Timings (NPS),7,Complete,Solved,4
75899154414,24/02/2024,15:52:46,Jessica Kim,03/03/2024,6:08:36,Counselling Team - NPS,Program & Classroom (NPS),8152750071,learner018@example.com,"Considering career break for higher studies (MS abroad). Need advice on timing, university selection, and maintaining professional network during studies.",Provided comprehensive higher education guidance and alumni connections,DevOps,Looking For Career Guidance (NPS),6,Complete,Solved,8
75761203124,26/02/2024,9:31:54,Jessica Kim,08/03/2024,5:04:13,Counselling Team - NPS,Tech (NPS),7780996231,learner019@example.com,"Planning to relocate from Bangalore to Pune for family reasons. Unclear about job market, salary differences, and Google options in Pune tech scene.",Connected with local Pune-based mentors and provided market insights,DSML,Looking For Career Guidance (NPS),6,Complete,Solved,11
75491926217,05/02/2024,12:46:26,Priya Sharma,,,Counselling Team - NPS,Others (NPS),9384463652,learner020@example.com,Multiple TAs provide conflicting solutions for same problem. Creates confusion about best practices and correct approach for implementation.,Implemented TA training program and standardized solution guidelines,DevOps,TA Support Related Concerns (NPS),6,Pending,In Progress,0
75728786222,17/02/2024,19:37:23,Priya Sharma,22/02/2024,9:07:59,Counselling Team - NPS,Program & Classroom (NPS),9377148230,learner021@example.com,Sales promised 100% job guarantee within 6 months but placement team says no such commitment exists. Feel misled about course outcomes.,Clarified placement support terms and provided additional career assistance,Academy,False Promise By Sales Team (NPS),9,Complete,Solved,5
75529553265,22/02/2024,20:12:20,Mike Chen,23/02/2024,14:54:42,Counselling Team - NPS,Tech (NPS),9301518177,learner022@example.com,Multiple interview rounds cleared but final selection goes to internal referrals. External candidates seem disadvantaged despite equal performance.,Expanded alumni network for referral opportunities and insider advocacy,DSML,Applied for jobs but no satisfactory outcome (NPS),6,Complete,Solved,1
75718092217,01/02/2024,12:23:11,Jessica Kim,,,Counselling Team - NPS,Others (NPS),7060766757,learner023@example.com,Sales promised 100% job guarantee within 6 months but placement team says no such commitment exists. Feel misled about course outcomes.,Clarified placement support terms and provided additional career assistance,AIML,False Promise By Sales Team (NPS),7,Pending,In Progress,0
75510152642,05/02/2024,9:36:18,Carlos Martinez,12/02/2024,12:34:10,Counselling Team - NPS,Placement (NPS),9056061866,learner024@example.com,Weekend DevOps Jul25 timing (10 AM - 2 PM) conflicts with family time. Children's activities and household responsibilities suffer due to class schedule.,Created flexible weekend options with shorter session formats,Academy,Unhappy With The Class Timings (NPS),10,Complete,Solved,7
75562915636,25/02/2024,11:51:36,Amit Patel,01/03/2024,20:00:15,Counselling Team - NPS,Others (NPS),7365849190,learner025@example.com,Language barrier with some TAs makes doubt sessions ineffective. Accent and communication style difficult to understand during technical explanations.,Provided communication training and paired TAs with complementary strengths,AIML,TA Support Related Concerns (NPS),8,Complete,Solved,5
75875368059,07/02/2024,13:55:37,Mike Chen,10/02/2024,3:50:51,Counselling Team - NPS,Others (NPS),8311598149,learner026@example.com,Mentor Amit Patel provides only generic advice like 'practice more coding'. Asked specific questions about Google interview process but got template responses.,Connected with mentor who recently joined FAANG Uber,Academy,Mentor Support Related Concerns (NPS),7,Complete,Solved,3
75657553274,09/02/2024,11:35:04,Sneha Reddy,21/02/2024,13:05:30,Counselling Team - NPS,Placement (NPS),7011492154,learner027@example.com,Placement eligibility criteria require 70%+ in graduation but scored 68% due to family financial crisis during college. Seems unfair exclusion.,Reviewed eligibility criteria and created exception process for genuine hardship cases,AIML,Not eligible for placements (NPS),10,Complete,Solved,12
75650636897,25/03/2024,13:50:50,Rohit Gupta,01/04/2024,16:09:16,Counselling Team - NPS,Tech (NPS),9839759520,learner028@example.com,Real-time project deployment challenges not addressed in curriculum. Local development works but AWS deployment fails with configuration issues.,Created deployment workshop series with hands-on troubleshooting,Academy,Projects & Assignment Related Concern (NPS),10,Complete,Solved,7
75709893263,05/03/2024,16:07:29,Mike Chen,08/03/2024,16:03:00,Counselling Team - NPS,Program & Classroom (NPS),8728760924,learner029@example.com,Sales promised 100% job guarantee within 6 months but placement team says no such commitment exists. Feel misled about course outcomes.,Clarified placement support terms and provided additional career assistance,Academy,False Promise By Sales Team (NPS),9,Complete,Solved,3
75668830491,17/03/2024,9:05:14,Rohit Gupta,23/03/2024,4:13:49,Counselling Team - NPS,Tech (NPS),9521673791,learner030@example.com,"Overqualified for junior positions, underqualified for senior roles. 6 years in different domain creates positioning challenge for appropriate level targeting.",Developed targeted application strategy for career pivot roles,DevOps,Frequent Resume Rejection (NPS),7,Complete,Solved,6
75927986559,07/03/2024,10:30:22,Amit Patel,12/03/2024,22:07:31,Counselling Team - NPS,Others (NPS),8431548670,learner031@example.com,Mike Wilson uses outdated examples in Machine Learning classes. Still teaching scikit-learn 0.22 syntax when industry uses 1.3+. Students struggle with modern ML libraries.,Updated all code examples to latest library versions,DSML,Instructor Related Feedback (NPS),7,Complete,Solved,5
75888365604,20/03/2024,10:20:16,Amit Patel,23/03/2024,23:00:16,Counselling Team - NPS,Program & Classroom (NPS),7497879474,learner032@example.com,Want to transition from service-based to product companies but don't understand cultural and technical differences. Need guidance on preparation strategy.,Connected with mentor who made similar transition and provided Amazon-specific prep,Academy,Looking For Career Guidance (NPS),9,Complete,Solved,3
75455417727,23/03/2024,12:17:35,Priya Sharma,02/04/2024,12:03:24,Counselling Team - NPS,Tech (NPS),8237075775,learner033@example.com,Told course would take 6 months but curriculum actually requires 10+ months for completion. Time commitment significantly underestimated.,Updated course duration estimates and provided realistic timeline planning,DSML,False Promise By Sales Team (NPS),10,Complete,Solved,10
75733665422,24/03/2024,17:00:35,Mike Chen,05/04/2024,21:18:12,Counselling Team - NPS,Placement (NPS),7400330495,learner034@example.com,"No specialized TA support for advanced topics like deep learning, cloud architecture, or system design. Generic responses for complex domain questions.",Hired subject matter expert TAs for specialized technical support,DSML,TA Support Related Concerns (NPS),8,Complete,Solved,12
75918079974,02/03/2024,16:15:29,Sneha Reddy,05/03/2024,16:03:12,Counselling Team - NPS,Program & Classroom (NPS),7621232513,learner035@example.com,Mentor Amit Patel provides only generic advice like 'practice more coding'. Asked specific questions about Google interview process but got template responses.,Connected with mentor who recently joined FAANG TCS,DevOps,Mentor Support Related Concerns (NPS),6,Complete,Solved,3
75945179180,20/03/2024,13:52:00,Lisa Rodriguez,25/03/2024,20:38:23,Counselling Team - NPS,Program & Classroom (NPS),8282287615,learner036@example.com,Python assignment auto-grading system has bugs. Correct solutions marked wrong due to output formatting differences. Frustrating when code logic is perfect.,Fixed grading system and manually reviewed affected submissions,AIML,Projects & Assignment Related Concern (NPS),10,Complete,Solved,5
75602563940,25/03/2024,20:15:36,Amit Patel,01/04/2024,18:03:56,Counselling Team - NPS,Tech (NPS),8003143045,learner037@example.com,Lecture slides contain only bullet points without detailed explanations. Need comprehensive notes for exam preparation and interview revision.,Enhanced slides with detailed explanations and examples,DSML,Lecture Notes Related (NPS),10,Complete,Solved,7
75931855083,22/03/2024,9:08:32,David Wilson,03/04/2024,14:31:52,Counselling Team - NPS,Others (NPS),8425906387,learner038@example.com,Lecture slides contain only bullet points without detailed explanations. Need comprehensive notes for exam preparation and interview revision.,Enhanced slides with detailed explanations and examples,AIML,Lecture Notes Related (NPS),9,Complete,Solved,12
75480346223,15/03/2024,16:50:16,Mike Chen,20/03/2024,8:39:08,Counselling Team - NPS,Others (NPS),9676878743,learner039@example.com,No downloadable notes provided for complex topics. Difficult to review mathematical formulas and algorithms without written reference material.,Created comprehensive downloadable study guides for all modules,DSML,Lecture Notes Related (NPS),9,Complete,Solved,5
75652082631,21/03/2024,19:43:58,Lisa Rodriguez,28/03/2024,11:07:12,Counselling Team - NPS,Tech (NPS),7977046129,learner040@example.com,Evening DSML Jul25 starts at 7 PM when dinner time with family. Work-life balance getting affected due to late learning schedule.,Introduced early evening slots (6-8 PM) based on demand,DevOps,Unhappy With The Class Timings (NPS),6,Complete,Solved,7
75715001254,04/04/2024,14:23:27,Sneha Reddy,11/04/2024,8:18:46,Counselling Team - NPS,Tech (NPS),8048819999,learner041@example.com,Weekend Academy Jul25 Intermediate timing (10 AM - 2 PM) conflicts with family time. Children's activities and household responsibilities suffer due to class schedule.,Created flexible weekend options with shorter session formats,DSML,Unhappy With The Class Timings (NPS),10,Complete,Solved,7
75934366139,26/04/2024,18:09:14,Sarah Johnson,30/04/2024,8:21:37,Counselling Team - NPS,Placement (NPS),9739779525,learner042@example.com,Contract/freelance offers available but seeking permanent positions with benefits and job security. Market seems tilted toward gig work.,Targeted BYJU'S outreach focusing on full-time opportunity pipeline,DSML,Applied for jobs but no satisfactory outcome (NPS),7,Complete,Solved,4
75771048258,08/04/2024,18:19:40,Sarah Johnson,17/04/2024,5:59:50,Counselling Team - NPS,Placement (NPS),9964873967,learner043@example.com,"Overqualified for junior positions, underqualified for senior roles. 6 years in different domain creates positioning challenge for appropriate level targeting.",Developed targeted application strategy for career pivot roles,Academy,Frequent Resume Rejection (NPS),10,Complete,Solved,9
75717001612,04/04/2024,9:53:42,Lisa Rodriguez,12/04/2024,1:36:43,Counselling Team - NPS,Placement (NPS),8178884276,learner044@example.com,"Overqualified for junior positions, underqualified for senior roles. 6 years in different domain creates positioning challenge for appropriate level targeting.",Developed targeted application strategy for career pivot roles,DSML,Frequent Resume Rejection (NPS),8,Complete,Solved,8
75635154329,07/04/2024,19:12:39,Mike Chen,13/04/2024,8:42:48,Counselling Team - NPS,Program & Classroom (NPS),9910976189,learner045@example.com,"Instructor Nina Patel Rajesh Kumar in AIML Jul25 DevOps Jul25 explains neural networks too fast. Yesterday's backpropagation session covered complex mathematics in 20 minutes without examples. When students ask questions, he just says 'check the slides'. Need detailed mathematical walkthrough.",Arranged additional math tutorial sessions with TA support,AIML,Instructor Related Feedback (NPS),8,Complete,Solved,6
75716872439,13/04/2024,14:47:26,Sarah Johnson,,,Counselling Team - NPS,Placement (NPS),7862407093,learner046@example.com,Sales promised 100% job guarantee within 6 months but placement team says no such commitment exists. Feel misled about course outcomes.,Clarified placement support terms and provided additional career assistance,AIML,False Promise By Sales Team (NPS),6,Pending,In Progress,0
75523662532,13/04/2024,16:04:09,Rohit Gupta,19/04/2024,14:04:56,Counselling Team - NPS,Program & Classroom (NPS),7862407093,learner047@example.com,Assignment deadlines clash with office project deliveries. Given 3 major assignments during typical sprint planning weeks. Need better coordination.,Staggered assignment deadlines and provided extension options,DSML,Time Management Related Concerns (NPS),9,Complete,Solved,6
75809123009,05/04/2024,19:23:06,Carlos Martinez,15/04/2024,11:57:03,Counselling Team - NPS,Placement (NPS),9024977737,learner048@example.com,Evening DSML Jul25 starts at 7 PM when dinner time with family. Work-life balance getting affected due to late learning schedule.,Introduced early evening slots (6-8 PM) based on demand,DevOps,Unhappy With The Class Timings (NPS),8,Complete,Solved,10
75838404342,25/04/2024,10:08:02,Jessica Kim,03/05/2024,21:57:17,Counselling Team - NPS,Others (NPS),8307235909,learner049@example.com,Lisa Rodriguez speaks too softly during System Design sessions. Students in back rows can't hear database scaling explanations. Room acoustics poor for 150+ student Academy Jul25 Intermediate.,Upgraded classroom sound system and reduced Academy Jul25 Intermediate size,AIML,Instructor Related Feedback (NPS),9,Complete,Solved,8
75845478870,04/04/2024,19:06:53,Rohit Gupta,16/04/2024,9:10:24,Counselling Team - NPS,Placement (NPS),9644206129,learner050@example.com,Teaching Assistant lacks depth in advanced topics. Can help with basic syntax but struggles with algorithm optimization and complexity analysis questions.,Assigned senior TA with computer science background for advanced topic support,DevOps,TA Support Related Concerns (NPS),8,Complete,Solved,12
75465015165,20/05/2024,15:17:12,Carlos Martinez,27/05/2024,7:35:49,Counselling Team - NPS,Tech (NPS),8952996248,learner051@example.com,Project complexity too high for time allocated. Expected to build full e-commerce site in 2 weeks while learning React simultaneously. Unrealistic expectations.,Redesigned project scope and extended timeline with milestone-based approach,AIML,Projects & Assignment Related Concern (NPS),6,Complete,Solved,7
75631875999,09/05/2024,12:21:49,Priya Sharma,18/05/2024,7:45:29,Counselling Team - NPS,Tech (NPS),9559721644,learner052@example.com,"Machine Learning module lacks MLOps content. No coverage of model deployment, monitoring, or A/B testing. Industry expects end-to-end ML pipeline knowledge.",Adding MLOps specialization track with hands-on deployment projects,Academy,Unhappy With Course Curriculum (NPS),7,Complete,Solved,9
75541522640,11/05/2024,9:22:50,Jessica Kim,15/05/2024,2:56:03,Counselling Team - NPS,Placement (NPS),9529104043,learner053@example.com,Mike Wilson uses outdated examples in Machine Learning classes. Still teaching scikit-learn 0.22 syntax when industry uses 1.3+. Students struggle with modern ML libraries.,Updated all code examples to latest library versions,DevOps,Instructor Related Feedback (NPS),6,Complete,Solved,4
75881331845,22/05/2024,14:32:37,Amit Patel,30/05/2024,21:12:40,Counselling Team - NPS,Others (NPS),8941348507,learner054@example.com,Confused between Data Science and Machine Learning Engineer paths. Course covers both but unclear about day-to-day responsibilities and career progression in each field.,Arranged informational interviews with professionals in both roles,AIML,Looking For Career Guidance (NPS),8,Complete,Solved,8
75891819409,21/05/2024,19:01:03,Lisa Rodriguez,,,Counselling Team - NPS,Others (NPS),8724932977,learner055@example.com,Interview performance good but companies prefer candidates with production experience. Theoretical knowledge not translating to confidence in interviews.,Created mock production environment projects for hands-on experience,AIML,Applied for jobs but no satisfactory outcome (NPS),8,Pending,In Progress,0
75535497187,07/05/2024,13:39:40,Jessica Kim,10/05/2024,14:57:14,Counselling Team - NPS,Program & Classroom (NPS),9355172948,learner056@example.com,"Assignment datasets have data quality issues but no guidance on how to handle missing values, outliers, or inconsistent formats professionally.",Created data cleaning tutorial series and best practices documentation,DSML,Projects & Assignment Related Concern (NPS),8,Complete,Solved,3
75991991695,06/05/2024,20:55:13,Amit Patel,15/05/2024,17:31:26,Counselling Team - NPS,Tech (NPS),8939413575,learner057@example.com,Evening DevOps Jul25 starts at 7 PM when dinner time with family. Work-life balance getting affected due to late learning schedule.,Introduced early evening slots (6-8 PM) based on demand,DSML,Unhappy With The Class Timings (NPS),9,Complete,Solved,9
75563894795,25/05/2024,19:59:30,Jessica Kim,02/06/2024,10:17:44,Counselling Team - NPS,Program & Classroom (NPS),7391807468,learner058@example.com,Resume feedback too generic. Mentor suggests 'add more projects' without specific guidance on what types of projects or how to showcase impact.,Provided mentor training on detailed resume optimization techniques,DSML,Mentor Support Related Concerns (NPS),6,Complete,Solved,8
75531244840,17/05/2024,15:22:55,Mike Chen,18/05/2024,8:07:22,Counselling Team - NPS,Placement (NPS),7220959215,learner059@example.com,No downloadable notes provided for complex topics. Difficult to review mathematical formulas and algorithms without written reference material.,Created comprehensive downloadable study guides for all modules,Academy,Lecture Notes Related (NPS),8,Complete,Solved,1
75775932035,06/05/2024,17:23:07,Amit Patel,07/05/2024,12:53:47,Counselling Team - NPS,Others (NPS),9465740756,learner060@example.com,"Resume format doesn't work for startup applications. Too formal for young companies, but changing format affects ATS performance at large corporations.",Created dual resume strategy for different TCS types,AIML,Frequent Resume Rejection (NPS),7,Complete,Solved,1
75593720285,22/05/2024,13:44:48,Carlos Martinez,26/05/2024,8:55:11,Counselling Team - NPS,Placement (NPS),8459535801,learner061@example.com,Resume feedback too generic. Mentor suggests 'add more projects' without specific guidance on what types of projects or how to showcase impact.,Provided mentor training on detailed resume optimization techniques,AIML,Mentor Support Related Concerns (NPS),9,Complete,Solved,4
75803935666,11/05/2024,15:29:21,Jessica Kim,15/05/2024,4:22:42,Counselling Team - NPS,Others (NPS),8589365925,learner062@example.com,Confused between Data Science and Machine Learning Engineer paths. Course covers both but unclear about day-to-day responsibilities and career progression in each field.,Arranged informational interviews with professionals in both roles,Academy,Looking For Career Guidance (NPS),8,Complete,Solved,4
75875788930,26/06/2024,19:27:31,Jessica Kim,07/07/2024,21:19:07,Counselling Team - NPS,Placement (NPS),8898565319,learner063@example.com,Career gap of 18 months for personal reasons creating red flags. Recruiters question commitment and skill currency despite recent course completion.,Developed gap explanation strategy and skill demonstration projects,AIML,Frequent Resume Rejection (NPS),8,Complete,Solved,11
75448766522,17/06/2024,12:25:38,Jessica Kim,23/06/2024,0:13:15,Counselling Team - NPS,Placement (NPS),7033015788,learner064@example.com,Project complexity too high for time allocated. Expected to build full e-commerce site in 2 weeks while learning React simultaneously. Unrealistic expectations.,Redesigned project scope and extended timeline with milestone-based approach,DSML,Projects & Assignment Related Concern (NPS),10,Complete,Solved,6
75538712095,02/06/2024,15:34:45,Sneha Reddy,03/06/2024,0:35:07,Counselling Team - NPS,Tech (NPS),9148610411,learner065@example.com,"Career guidance sessions focus only on technical skills. No discussion about salary negotiation, Uber culture fit, or work-life balance considerations.",Introduced holistic career coaching covering all professional aspects,Academy,Mentor Support Related Concerns (NPS),7,Complete,Solved,1
75834245762,09/06/2024,20:40:26,Sneha Reddy,13/06/2024,10:45:15,Counselling Team - NPS,Others (NPS),7494665880,learner066@example.com,Multiple interview rounds cleared but final selection goes to internal referrals. External candidates seem disadvantaged despite equal performance.,Expanded alumni network for referral opportunities and insider advocacy,DevOps,Applied for jobs but no satisfactory outcome (NPS),8,Complete,Solved,4
75513669678,26/06/2024,12:27:37,Jessica Kim,07/07/2024,3:50:48,Counselling Team - NPS,Program & Classroom (NPS),9250402001,learner067@example.com,"Capstone project requirements unclear and keep changing. Initially asked for web app, then data analysis, now ML model. Wasted 3 weeks on wrong direction.",Standardized project requirements and assigned dedicated project coordinator,Academy,Projects & Assignment Related Concern (NPS),8,Complete,Solved,11
75969732591,28/06/2024,17:12:57,Sneha Reddy,02/07/2024,6:53:26,Counselling Team - NPS,Others (NPS),8507961865,learner068@example.com,"Full Stack development track doesn't cover modern React patterns like hooks, context, or Next.js. Still teaching class components from React 16.",Complete overhaul of React curriculum to cover React 18 features,DSML,Unhappy With Course Curriculum (NPS),9,Complete,Solved,4
75898165815,06/06/2024,18:48:37,Sarah Johnson,09/06/2024,11:27:22,Counselling Team - NPS,Others (NPS),9925445989,learner069@example.com,Weekend DevOps Jul25 timing (10 AM - 2 PM) conflicts with family time. Children's activities and household responsibilities suffer due to class schedule.,Created flexible weekend options with shorter session formats,DevOps,Unhappy With The Class Timings (NPS),8,Complete,Solved,3
75777895080,20/06/2024,17:04:19,Mike Chen,,,Counselling Team - NPS,Program & Classroom (NPS),8940955281,learner070@example.com,Placement support limited to specific tech stacks learned in course. Want to explore adjacent technologies but placement team won't help.,Expanded placement support to cover related MongoDB transitions,DSML,Not eligible for placements (NPS),7,Pending,In Progress,0
75882897882,25/06/2024,18:41:12,Mike Chen,29/06/2024,8:54:39,Counselling Team - NPS,Others (NPS),9598480273,learner071@example.com,"Instructor Mike Rodriguez Rajesh Kumar in AIML Jul25 Academy Jul25 Intermediate explains neural networks too fast. Yesterday's backpropagation session covered complex mathematics in 20 minutes without examples. When students ask questions, he just says 'check the slides'. Need detailed mathematical walkthrough.",Arranged additional math tutorial sessions with TA support,DSML,Instructor Related Feedback (NPS),6,Complete,Solved,4
75941755366,19/06/2024,19:11:02,Amit Patel,29/06/2024,11:55:28,Counselling Team - NPS,Tech (NPS),8880157459,learner072@example.com,TA support only available during office hours. Working professionals need evening and weekend support for assignment debugging and concept clarification.,Extended TA support hours to include evenings and Saturday coverage,Academy,TA Support Related Concerns (NPS),9,Complete,Solved,10
75470772317,25/06/2024,14:06:35,Sneha Reddy,06/07/2024,13:41:46,Counselling Team - NPS,Tech (NPS),8220401982,learner073@example.com,TA support only available during office hours. Working professionals need evening and weekend support for assignment debugging and concept clarification.,Extended TA support hours to include evenings and Saturday coverage,AIML,TA Support Related Concerns (NPS),8,Complete,Solved,11
75538460786,01/06/2024,18:45:05,Rohit Gupta,10/06/2024,11:52:17,Counselling Team - NPS,Tech (NPS),9400552009,learner074@example.com,Resume highlighting DSML completion not attracting ML Engineer positions. Only getting data entry or analyst roles below skill level and salary expectations.,Added ML portfolio projects and technical blog writing to demonstrate expertise,AIML,Frequent Resume Rejection (NPS),6,Complete,Solved,9
75945985356,14/06/2024,14:01:23,Priya Sharma,19/06/2024,19:23:36,Counselling Team - NPS,Program & Classroom (NPS),7774223342,learner075@example.com,No code review feedback provided for assignments. Submitting working solutions but don't know if following best practices or industry standards.,Introduced mandatory code review sessions with senior developers,AIML,Projects & Assignment Related Concern (NPS),10,Complete,Solved,5
75540712839,05/06/2024,18:24:09,Amit Patel,09/06/2024,7:27:36,Counselling Team - NPS,Program & Classroom (NPS),7776727492,learner076@example.com,Mentor scheduling conflicts with work hours. Only available 11 AM - 2 PM when I'm in office meetings. Need evening or weekend availability.,Matched with mentor having flexible evening availability,DevOps,Mentor Support Related Concerns (NPS),9,Complete,Solved,4
75651258749,27/06/2024,17:15:19,Sarah Johnson,08/07/2024,4:21:26,Counselling Team - NPS,Placement (NPS),7833293142,learner077@example.com,No downloadable notes provided for complex topics. Difficult to review mathematical formulas and algorithms without written reference material.,Created comprehensive downloadable study guides for all modules,DevOps,Lecture Notes Related (NPS),8,Complete,Solved,11
75548604290,03/07/2024,13:03:41,Mike Chen,12/07/2024,0:45:30,Counselling Team - NPS,Tech (NPS),8594343845,learner078@example.com,"Considering career break for higher studies (MS abroad). Need advice on timing, university selection, and maintaining professional network during studies.",Provided comprehensive higher education guidance and alumni connections,DevOps,Looking For Career Guidance (NPS),8,Complete,Solved,9
75951208305,03/07/2024,11:53:27,Jessica Kim,10/07/2024,12:56:05,Counselling Team - NPS,Placement (NPS),7953645978,learner079@example.com,Getting interview calls but salary offers 40% below market rate. Companies lowball citing 'career change' despite strong technical performance.,Provided salary negotiation training and market benchmarking data,DevOps,Applied for jobs but no satisfactory outcome (NPS),9,Complete,Solved,7
75641096660,24/07/2024,9:20:59,Carlos Martinez,31/07/2024,2:52:24,Counselling Team - NPS,Program & Classroom (NPS),9791559885,learner080@example.com,Lecture slides contain only bullet points without detailed explanations. Need comprehensive notes for exam preparation and interview revision.,Enhanced slides with detailed explanations and examples,Academy,Lecture Notes Related (NPS),9,Complete,Solved,7
75485068029,10/07/2024,9:16:13,Amit Patel,16/07/2024,10:12:24,Counselling Team - NPS,Tech (NPS),9357096258,learner081@example.com,Interested in startup environment but concerned about job security with family responsibilities. Need advice on evaluating startup opportunities vs established companies.,Conducted detailed career counseling session on risk assessment and planning,DSML,Looking For Career Guidance (NPS),9,Complete,Solved,6
75467438668,01/07/2024,10:53:57,Mike Chen,04/07/2024,16:40:01,Counselling Team - NPS,Tech (NPS),9562974666,learner082@example.com,Evening AIML Aug25 starts at 7 PM when dinner time with family. Work-life balance getting affected due to late learning schedule.,Introduced early evening slots (6-8 PM) based on demand,DevOps,Unhappy With The Class Timings (NPS),10,Complete,Solved,3
75847286055,02/07/2024,11:42:42,David Wilson,11/07/2024,19:31:36,Counselling Team - NPS,Program & Classroom (NPS),9248349034,learner083@example.com,Appearing for interviews but consistently failing in system design rounds. Completed course but still struggle with scalability and architecture questions.,Arranged advanced system design workshops with industry architects,Academy,Applied for jobs but no satisfactory outcome (NPS),10,Complete,Solved,9
75819246503,19/07/2024,16:02:40,Rohit Gupta,24/07/2024,16:45:32,Counselling Team - NPS,Program & Classroom (NPS),8603321558,learner084@example.com,Want to transition from service-based to product companies but don't understand cultural and technical differences. Need guidance on preparation strategy.,Connected with mentor who made similar transition and provided Zomato-specific prep,DevOps,Looking For Career Guidance (NPS),8,Complete,Solved,5
75543247463,12/07/2024,9:22:34,Sneha Reddy,19/07/2024,11:13:56,Counselling Team - NPS,Others (NPS),9760786161,learner085@example.com,Applied to 67 Data Science positions in 3 months but only 4 interview calls. Resume seems to fail ATS screening despite following Scaler format guidelines.,Connected with placement team for ATS optimization and keyword analysis,AIML,Frequent Resume Rejection (NPS),10,Complete,Solved,7
75614179101,23/08/2024,9:20:59,Rohit Gupta,27/08/2024,10:26:26,Counselling Team - NPS,Program & Classroom (NPS),9213555655,learner086@example.com,Holiday classes scheduled during Diwali week without considering festival commitments. Attendance drops to 30% affecting AIML Jul25 momentum.,Rescheduled holiday periods and created festival-friendly calendar,DSML,Time Management Related Concerns (NPS),7,Complete,Solved,4
75829520110,18/08/2024,20:28:57,Sneha Reddy,20/08/2024,11:59:08,Counselling Team - NPS,Placement (NPS),8456151216,learner087@example.com,Real-time project deployment challenges not addressed in curriculum. Local development works but AWS deployment fails with configuration issues.,Created deployment workshop series with hands-on troubleshooting,Academy,Projects & Assignment Related Concern (NPS),9,Complete,Solved,2
75985698675,10/08/2024,13:20:06,Sneha Reddy,22/08/2024,9:31:27,Counselling Team - NPS,Placement (NPS),8408405265,learner088@example.com,Holiday classes scheduled during Diwali week without considering festival commitments. Attendance drops to 30% affecting DevOps Jul25 momentum.,Rescheduled holiday periods and created festival-friendly calendar,DSML,Time Management Related Concerns (NPS),9,Complete,Solved,12
75778557676,06/08/2024,18:27:17,Rohit Gupta,09/08/2024,12:03:00,Counselling Team - NPS,Tech (NPS),7322299355,learner089@example.com,Audio-video sync issues during recorded playback. Instructor Lisa Chen's voice doesn't match lip movement by 2-3 seconds. Distracting during learning.,Fixed encoding pipeline and re-processed affected recordings,DSML,Poor Class video quality (NPS),9,Complete,Solved,3
75437365109,04/08/2024,11:04:15,Amit Patel,15/08/2024,7:19:19,Counselling Team - NPS,Others (NPS),8555424924,learner090@example.com,Audio-video sync issues during recorded playback. Instructor Mike Rodriguez's voice doesn't match lip movement by 2-3 seconds. Distracting during learning.,Fixed encoding pipeline and re-processed affected recordings,AIML,Poor Class video quality (NPS),8,Complete,Solved,11
75547848992,20/08/2024,17:23:25,Lisa Rodriguez,26/08/2024,18:26:25,Counselling Team - NPS,Program & Classroom (NPS),8555424924,learner091@example.com,"Capstone project requirements unclear and keep changing. Initially asked for web app, then data analysis, now ML model. Wasted 3 weeks on wrong direction.",Standardized project requirements and assigned dedicated project coordinator,DSML,Projects & Assignment Related Concern (NPS),8,Complete,Solved,6
75879182105,02/08/2024,12:39:18,Sneha Reddy,13/08/2024,23:05:52,Counselling Team - NPS,Program & Classroom (NPS),7859759428,learner092@example.com,Applied to 43 DevOps positions but recruiters say experience looks theoretical. Need real production environment projects to demonstrate practical skills.,Arranged internship-style capstone project with live infrastructure,DSML,Frequent Resume Rejection (NPS),7,Complete,Solved,11
75990554938,24/08/2024,17:18:57,Priya Sharma,01/09/2024,4:30:47,Counselling Team - NPS,Others (NPS),7676479877,learner093@example.com,"System Design course only teaches monolithic patterns. Microservices, event-driven architecture, and serverless barely mentioned. Need cloud-native design patterns.",Expanding curriculum with 40 hours of distributed systems content,Academy,Unhappy With Course Curriculum (NPS),10,Complete,Solved,8
75428222260,09/08/2024,14:35:36,Priya Sharma,16/08/2024,23:12:16,Counselling Team - NPS,Others (NPS),9007492791,learner094@example.com,Weekend Academy Jul25 Intermediate timing (10 AM - 2 PM) conflicts with family time. Children's activities and household responsibilities suffer due to class schedule.,Created flexible weekend options with shorter session formats,DSML,Unhappy With The Class Timings (NPS),10,Complete,Solved,7
75534568604,26/08/2024,14:41:04,Sarah Johnson,31/08/2024,4:42:47,Counselling Team - NPS,Tech (NPS),9000738353,learner095@example.com,Sales promised 100% job guarantee within 6 months but placement team says no such commitment exists. Feel misled about course outcomes.,Clarified placement support terms and provided additional career assistance,Academy,False Promise By Sales Team (NPS),8,Complete,Solved,5
75533316990,22/08/2024,17:09:19,Sarah Johnson,27/08/2024,18:45:17,Counselling Team - NPS,Program & Classroom (NPS),7695642802,learner096@example.com,Audio-video sync issues during recorded playback. Instructor Priya Patel's voice doesn't match lip movement by 2-3 seconds. Distracting during learning.,Fixed encoding pipeline and re-processed affected recordings,Academy,Poor Class video quality (NPS),7,Complete,Solved,5
75972817675,18/08/2024,10:32:41,Mike Chen,,,Counselling Team - NPS,Others (NPS),9541797909,learner097@example.com,"Planning to relocate from Bangalore to Pune for family reasons. Unclear about job market, salary differences, and Zomato options in Pune tech scene.",Connected with local Pune-based mentors and provided market insights,AIML,Looking For Career Guidance (NPS),5,Pending,In Progress,0
75430465806,03/08/2024,10:02:41,Jessica Kim,11/08/2024,20:10:36,Counselling Team - NPS,Program & Classroom (NPS),8136688451,learner098@example.com,Placement team requires 2+ years experience but won't help freshers. Catch-22 situation where experience needed for placement but placement needed for experience.,Launched fresh graduate placement track with entry-level focused companies,AIML,Frequent Resume Rejection (NPS),9,Complete,Solved,8
75918558050,14/08/2024,12:51:51,Rohit Gupta,18/08/2024,21:34:03,Counselling Team - NPS,Others (NPS),8277468755,learner099@example.com,Screen sharing resolution too low during coding sessions. Can't read code examples on mobile device. Zoom compression makes text blurry.,Upgraded streaming quality to 1080p and optimized for mobile viewing,DevOps,Poor Class video quality (NPS),7,Complete,Solved,4
75742863363,28/08/2024,20:55:22,Priya Sharma,,,Counselling Team - NPS,Placement (NPS),7561636336,learner100@example.com,Teaching Assistant lacks depth in advanced topics. Can help with basic syntax but struggles with algorithm optimization and complexity analysis questions.,Assigned senior TA with computer science background for advanced topic support,AIML,TA Support Related Concerns (NPS),6,Pending,In Progress,0
75454337019,11/08/2024,13:24:55,Amit Patel,14/08/2024,3:57:18,Counselling Team - NPS,Placement (NPS),8795875043,learner101@example.com,Told course would take 6 months but curriculum actually requires 10+ months for completion. Time commitment significantly underestimated.,Updated course duration estimates and provided realistic timeline planning,Academy,False Promise By Sales Team (NPS),6,Complete,Solved,3
75934047267,04/08/2024,9:05:25,Carlos Martinez,16/08/2024,3:08:55,Counselling Team - NPS,Program & Classroom (NPS),8963790638,learner102@example.com,Weekly mentor sessions rushed and superficial. Last call was 8 minutes discussing 6-month career roadmap. Need dedicated time for meaningful guidance.,Increased minimum session duration to 30 minutes with structured agenda,AIML,Mentor Support Related Concerns (NPS),8,Complete,Solved,12
75862705171,16/08/2024,11:56:16,Sneha Reddy,22/08/2024,11:25:45,Counselling Team - NPS,Program & Classroom (NPS),8731963069,learner103@example.com,"Mentor doesn't understand non-tech background. As commerce graduate transitioning to data science, need someone who understands career pivot challenges.",Assigned mentor with similar career transition background,DSML,Mentor Support Related Concerns (NPS),8,Complete,Solved,6
75990404558,17/08/2024,13:52:39,Priya Sharma,23/08/2024,13:00:05,Counselling Team - NPS,Tech (NPS),7510289448,learner104@example.com,Confused between Data Science and Machine Learning Engineer paths. Course covers both but unclear about day-to-day responsibilities and career progression in each field.,Arranged informational interviews with professionals in both roles,AIML,Looking For Career Guidance (NPS),8,Complete,Solved,6
75946666136,12/09/2024,15:32:02,Sarah Johnson,19/09/2024,7:40:36,Counselling Team - NPS,Placement (NPS),7167134213,learner105@example.com,Weekend AIML sessions run 5 hours straight (10 AM - 3 PM) without proper breaks. Exhausting for working parents with family commitments on weekends.,Restructured to 3-hour sessions with 30-minute breaks every 90 minutes,AIML,Time Management Related Concerns (NPS),7,Complete,Solved,7
75574485243,25/09/2024,15:39:47,Carlos Martinez,07/10/2024,9:41:04,Counselling Team - NPS,Placement (NPS),9550027973,learner106@example.com,Assignment deadlines clash with office project deliveries. Given 3 major assignments during typical sprint planning weeks. Need better coordination.,Staggered assignment deadlines and provided extension options,DevOps,Time Management Related Concerns (NPS),7,Complete,Solved,12
75428612164,17/09/2024,18:30:16,Amit Patel,27/09/2024,8:10:50,Counselling Team - NPS,Placement (NPS),9480920839,learner107@example.com,"Considering career break for higher studies (MS abroad). Need advice on timing, university selection, and maintaining professional network during studies.",Provided comprehensive higher education guidance and alumni connections,DSML,Looking For Career Guidance (NPS),8,Complete,Solved,10
75517999418,09/09/2024,12:01:28,Amit Patel,17/09/2024,21:20:59,Counselling Team - NPS,Tech (NPS),8798647685,learner108@example.com,Assigned mentor Priya Sharma unresponsive to career queries for 3+ weeks. Sent 7 messages about transitioning from manual testing to automation but zero replies.,Reassigned to senior automation mentor and implemented response time SLA,Academy,Mentor Support Related Concerns (NPS),7,Complete,Solved,8
75749019278,03/09/2024,19:30:33,Sarah Johnson,04/09/2024,2:55:03,Counselling Team - NPS,Tech (NPS),8347557120,learner109@example.com,Mentor calls scheduled during lunch hours (1-2 PM) when most professionals are in meetings. Need evening or early morning slots.,Extended mentor availability to 7-9 PM weekday slots,DevOps,Time Management Related Concerns (NPS),7,Complete,Solved,1
75919884429,27/09/2024,12:15:17,Carlos Martinez,01/10/2024,7:05:58,Counselling Team - NPS,Program & Classroom (NPS),8282044148,learner110@example.com,Holiday classes scheduled during Diwali week without considering festival commitments. Attendance drops to 30% affecting DevOps Aug25 momentum.,Rescheduled holiday periods and created festival-friendly calendar,DSML,Time Management Related Concerns (NPS),8,Complete,Solved,4
75530861323,10/09/2024,18:43:34,Mike Chen,14/09/2024,7:11:15,Counselling Team - NPS,Tech (NPS),8694503971,learner111@example.com,"Career guidance sessions focus only on technical skills. No discussion about salary negotiation, Ola culture fit, or work-life balance considerations.",Introduced holistic career coaching covering all professional aspects,DevOps,Mentor Support Related Concerns (NPS),7,Complete,Solved,4
75874997731,23/09/2024,19:16:47,Amit Patel,25/09/2024,8:32:02,Counselling Team - NPS,Others (NPS),7919066362,learner112@example.com,Lecture slides contain only bullet points without detailed explanations. Need comprehensive notes for exam preparation and interview revision.,Enhanced slides with detailed explanations and examples,DevOps,Lecture Notes Related (NPS),10,Complete,Solved,2
75650006353,10/09/2024,9:06:26,Mike Chen,20/09/2024,6:43:27,Counselling Team - NPS,Program & Classroom (NPS),9028959334,learner113@example.com,"Career guidance sessions focus only on technical skills. No discussion about salary negotiation, Ola culture fit, or work-life balance considerations.",Introduced holistic career coaching covering all professional aspects,DevOps,Mentor Support Related Concerns (NPS),8,Complete,Solved,10
75744851196,12/09/2024,13:41:03,Amit Patel,24/09/2024,3:31:38,Counselling Team - NPS,Placement (NPS),9801601713,learner114@example.com,"System Design course only teaches monolithic patterns. Microservices, event-driven architecture, and serverless barely mentioned. Need cloud-native design patterns.",Expanding curriculum with 40 hours of distributed systems content,DSML,Unhappy With Course Curriculum (NPS),8,Complete,Solved,12
75588751681,23/09/2024,9:53:25,David Wilson,05/10/2024,7:32:06,Counselling Team - NPS,Tech (NPS),7800202342,learner115@example.com,Previous employment gap of 3 years due to child care responsibilities creates placement barrier. Returning mothers face additional discrimination.,Partnered with diversity-focused companies supporting career restart initiatives,Academy,Not eligible for placements (NPS),6,Complete,Solved,12
75941394238,06/10/2024,16:17:12,Mike Chen,10/10/2024,10:52:43,Counselling Team - NPS,Placement (NPS),8420277403,learner116@example.com,Evening Academy Jul25 Intermediate starts at 7 PM when dinner time with family. Work-life balance getting affected due to late learning schedule.,Introduced early evening slots (6-8 PM) based on demand,DSML,Unhappy With The Class Timings (NPS),7,Complete,Solved,4
75588436227,14/10/2024,18:54:40,David Wilson,22/10/2024,20:37:15,Counselling Team - NPS,Others (NPS),8836971472,learner117@example.com,Holiday classes scheduled during Diwali week without considering festival commitments. Attendance drops to 30% affecting Academy Jul25 Beginner momentum.,Rescheduled holiday periods and created festival-friendly calendar,Academy,Time Management Related Concerns (NPS),7,Complete,Solved,8
75407333788,21/10/2024,13:24:15,Lisa Rodriguez,22/10/2024,22:48:06,Counselling Team - NPS,Others (NPS),8146731886,learner118@example.com,Multiple interview rounds cleared but final selection goes to internal referrals. External candidates seem disadvantaged despite equal performance.,Expanded alumni network for referral opportunities and insider advocacy,Academy,Applied for jobs but no satisfactory outcome (NPS),6,Complete,Solved,1
75899714064,27/10/2024,13:10:25,Carlos Martinez,07/11/2024,20:02:12,Counselling Team - NPS,Tech (NPS),8335640103,learner119@example.com,"Considering freelancing transition after 8 years in corporate. Need guidance on building client base, pricing projects, and managing business aspects.",Introduced to successful freelancer mentor and provided business setup guidance,AIML,Looking For Career Guidance (NPS),10,Complete,Solved,11
75888529624,24/10/2024,20:38:23,Carlos Martinez,28/10/2024,18:19:43,Counselling Team - NPS,Others (NPS),9358944233,learner120@example.com,Weekend AIML Aug25 timing (10 AM - 2 PM) conflicts with family time. Children's activities and household responsibilities suffer due to class schedule.,Created flexible weekend options with shorter session formats,Academy,Unhappy With The Class Timings (NPS),9,Complete,Solved,4
75520483278,22/10/2024,9:53:35,Mike Chen,03/11/2024,15:54:10,Counselling Team - NPS,Others (NPS),7868256753,learner121@example.com,Multiple TAs provide conflicting solutions for same problem. Creates confusion about best practices and correct approach for implementation.,Implemented TA training program and standardized solution guidelines,DevOps,TA Support Related Concerns (NPS),9,Complete,Solved,12
75459738492,28/10/2024,16:08:32,Mike Chen,,,Counselling Team - NPS,Tech (NPS),8961934510,learner122@example.com,Placement team requires 2+ years experience but won't help freshers. Catch-22 situation where experience needed for placement but placement needed for experience.,Launched fresh graduate placement track with entry-level focused companies,DSML,Not eligible for placements (NPS),7,Pending,In Progress,0
75633969748,24/10/2024,18:04:02,Mike Chen,04/11/2024,3:09:05,Counselling Team - NPS,Others (NPS),8479740208,learner123@example.com,Placement eligibility criteria require 70%+ in graduation but scored 68% due to family financial crisis during college. Seems unfair exclusion.,Reviewed eligibility criteria and created exception process for genuine hardship cases,DSML,Not eligible for placements (NPS),6,Complete,Solved,11
75802074351,07/10/2024,15:28:55,Amit Patel,12/10/2024,8:44:42,Counselling Team - NPS,Tech (NPS),8613385303,learner124@example.com,Weekend DSML Aug25 timing (10 AM - 2 PM) conflicts with family time. Children's activities and household responsibilities suffer due to class schedule.,Created flexible weekend options with shorter session formats,DevOps,Unhappy With The Class Timings (NPS),6,Complete,Solved,5
75720364823,09/11/2024,16:43:46,Sneha Reddy,14/11/2024,3:25:11,Counselling Team - NPS,Tech (NPS),8821616017,learner125@example.com,"System Design course only teaches monolithic patterns. Microservices, event-driven architecture, and serverless barely mentioned. Need cloud-native design patterns.",Expanding curriculum with 40 hours of distributed systems content,Academy,Unhappy With Course Curriculum (NPS),6,Complete,Solved,5
75416799547,04/11/2024,12:13:04,Rohit Gupta,14/11/2024,22:05:49,Counselling Team - NPS,Placement (NPS),9550970716,learner126@example.com,Contract/freelance offers available but seeking permanent positions with benefits and job security. Market seems tilted toward gig work.,Targeted Microsoft outreach focusing on full-time opportunity pipeline,DevOps,Applied for jobs but no satisfactory outcome (NPS),9,Complete,Solved,10
75460606325,08/11/2024,11:32:18,Sarah Johnson,17/11/2024,11:47:34,Counselling Team - NPS,Tech (NPS),9474375067,learner127@example.com,"Teaching pace in Data Structures class is inconsistent. Some days covers 3 algorithms, other days struggles with basic concepts. No structured lesson planning visible.",Introduced standardized lesson plans with time allocations,AIML,Instructor Related Feedback (NPS),10,Complete,Solved,9
75858703133,02/11/2024,17:31:03,David Wilson,13/11/2024,7:47:02,Counselling Team - NPS,Others (NPS),9763021449,learner128@example.com,Want to pursue management track vs staying technical. Currently team lead but unsure about MBA requirements and career progression options.,Arranged sessions with both technical architects and engineering managers,DSML,Looking For Career Guidance (NPS),9,Complete,Solved,11
75658737619,19/11/2024,12:19:54,Lisa Rodriguez,,,Counselling Team - NPS,Placement (NPS),8988677919,learner129@example.com,Audio-video sync issues during recorded playback. Instructor Ravi Sharma's voice doesn't match lip movement by 2-3 seconds. Distracting during learning.,Fixed encoding pipeline and re-processed affected recordings,DSML,Poor Class video quality (NPS),4,Pending,In Progress,0
75882954920,11/11/2024,14:05:34,David Wilson,16/11/2024,8:22:28,Counselling Team - NPS,Tech (NPS),7221348142,learner130@example.com,Instructor Amit Gupta Amit Gupta doesn't prepare well for classes. Frequently says 'I'll get back to you' for basic SQL queries. Students lose confidence in course quality.,Implemented mandatory instructor preparation reviews,AIML,Instructor Related Feedback (NPS),9,Complete,Solved,5
75757517705,25/11/2024,13:58:00,Sneha Reddy,07/12/2024,20:24:27,Counselling Team - NPS,Tech (NPS),7816145550,learner131@example.com,Transitioning from mechanical engineering to software development. Resume lacks relevant projects and recruiters doubt career change authenticity.,Created transition portfolio with domain-crossover projects,Academy,Frequent Resume Rejection (NPS),6,Complete,Solved,12
75703932500,01/11/2024,15:29:34,Amit Patel,,,Counselling Team - NPS,Program & Classroom (NPS),8324663629,learner132@example.com,Weekend AIML Aug25 timing (10 AM - 2 PM) conflicts with family time. Children's activities and household responsibilities suffer due to class schedule.,Created flexible weekend options with shorter session formats,AIML,Unhappy With The Class Timings (NPS),5,Pending,In Progress,0
75743847870,11/11/2024,12:23:20,Sneha Reddy,20/11/2024,5:21:44,Counselling Team - NPS,Program & Classroom (NPS),7196346343,learner133@example.com,Career gap of 18 months for personal reasons creating red flags. Recruiters question commitment and skill currency despite recent course completion.,Developed gap explanation strategy and skill demonstration projects,DSML,Frequent Resume Rejection (NPS),7,Complete,Solved,9
75716960306,25/11/2024,11:12:21,Mike Chen,01/12/2024,22:32:30,Counselling Team - NPS,Tech (NPS),8631399401,learner134@example.com,Previous employment gap of 3 years due to child care responsibilities creates placement barrier. Returning mothers face additional discrimination.,Partnered with diversity-focused companies supporting career restart initiatives,DevOps,Not eligible for placements (NPS),6,Complete,Solved,6
75581747678,11/11/2024,11:46:34,Amit Patel,23/11/2024,13:41:03,Counselling Team - NPS,Placement (NPS),7790479137,learner135@example.com,Previous employment gap of 3 years due to child care responsibilities creates placement barrier. Returning mothers face additional discrimination.,Partnered with diversity-focused companies supporting career restart initiatives,AIML,Not eligible for placements (NPS),10,Complete,Solved,12
75472980019,07/11/2024,20:09:00,Mike Chen,13/11/2024,17:48:47,Counselling Team - NPS,Placement (NPS),7790479137,learner136@example.com,Appearing for interviews but consistently failing in system design rounds. Completed course but still struggle with scalability and architecture questions.,Arranged advanced system design workshops with industry architects,AIML,Applied for jobs but no satisfactory outcome (NPS),8,Complete,Solved,6
75416891857,26/11/2024,9:34:35,Amit Patel,04/12/2024,12:20:41,Counselling Team - NPS,Others (NPS),7050899550,learner137@example.com,Language barrier with some TAs makes doubt sessions ineffective. Accent and communication style difficult to understand during technical explanations.,Provided communication training and paired TAs with complementary strengths,AIML,TA Support Related Concerns (NPS),7,Complete,Solved,8
75592486308,21/11/2024,10:58:06,Sarah Johnson,,,Counselling Team - NPS,Placement (NPS),7639509845,learner138@example.com,Mike Wilson uses outdated examples in Machine Learning classes. Still teaching scikit-learn 0.22 syntax when industry uses 1.3+. Students struggle with modern ML libraries.,Updated all code examples to latest library versions,AIML,Instructor Related Feedback (NPS),10,Pending,In Progress,0
75642512383,15/11/2024,13:43:52,Sneha Reddy,21/11/2024,19:14:02,Counselling Team - NPS,Program & Classroom (NPS),9807773530,learner139@example.com,"Mentor doesn't understand non-tech background. As commerce graduate transitioning to data science, need someone who understands career pivot challenges.",Assigned mentor with similar career transition background,DSML,Mentor Support Related Concerns (NPS),6,Complete,Solved,6
75936718857,15/11/2024,15:41:50,Jessica Kim,27/11/2024,0:13:32,Counselling Team - NPS,Placement (NPS),9430335702,learner140@example.com,No downloadable notes provided for complex topics. Difficult to review mathematical formulas and algorithms without written reference material.,Created comprehensive downloadable study guides for all modules,AIML,Lecture Notes Related (NPS),8,Complete,Solved,12
75691086098,28/11/2024,9:59:04,Jessica Kim,29/11/2024,14:30:17,Counselling Team - NPS,Tech (NPS),9332299091,learner141@example.com,No downloadable notes provided for complex topics. Difficult to review mathematical formulas and algorithms without written reference material.,Created comprehensive downloadable study guides for all modules,DSML,Lecture Notes Related (NPS),6,Complete,Solved,1
75574429624,09/11/2024,18:15:36,David Wilson,14/11/2024,13:09:26,Counselling Team - NPS,Others (NPS),9907843037,learner142@example.com,Placement eligibility criteria require 70%+ in graduation but scored 68% due to family financial crisis during college. Seems unfair exclusion.,Reviewed eligibility criteria and created exception process for genuine hardship cases,DevOps,Not eligible for placements (NPS),7,Complete,Solved,5
75937722224,06/12/2024,20:22:03,Carlos Martinez,14/12/2024,9:22:34,Counselling Team - NPS,Tech (NPS),8877279755,learner143@example.com,Multiple interview rounds cleared but final selection goes to internal referrals. External candidates seem disadvantaged despite equal performance.,Expanded alumni network for referral opportunities and insider advocacy,DSML,Applied for jobs but no satisfactory outcome (NPS),6,Complete,Solved,8
75644961731,24/12/2024,14:35:24,Mike Chen,25/12/2024,23:31:13,Counselling Team - NPS,Others (NPS),7797737957,learner144@example.com,Mentor Amit Patel provides only generic advice like 'practice more coding'. Asked specific questions about Google interview process but got template responses.,Connected with mentor who recently joined FAANG PayTM,DSML,Mentor Support Related Concerns (NPS),8,Complete,Solved,1
75488087644,22/12/2024,13:09:24,Mike Chen,23/12/2024,12:38:45,Counselling Team - NPS,Program & Classroom (NPS),8673413661,learner145@example.com,Audio-video sync issues during recorded playback. Instructor Sarah Johnson's voice doesn't match lip movement by 2-3 seconds. Distracting during learning.,Fixed encoding pipeline and re-processed affected recordings,AIML,Poor Class video quality (NPS),6,Complete,Solved,1
75862760731,16/12/2024,16:35:35,David Wilson,22/12/2024,7:39:35,Counselling Team - NPS,Tech (NPS),8752536389,learner146@example.com,Want to pursue management track vs staying technical. Currently team lead but unsure about MBA requirements and career progression options.,Arranged sessions with both technical architects and engineering managers,Academy,Looking For Career Guidance (NPS),7,Complete,Solved,6
75816396603,28/12/2024,10:46:57,Priya Sharma,31/12/2024,2:42:20,Counselling Team - NPS,Program & Classroom (NPS),8042571199,learner147@example.com,DSML curriculum still uses Pandas 1.3 when industry standard is 2.1+. Modern data manipulation techniques like polars not covered. Outdated for current job requirements.,Curriculum team updating all library versions and adding modern tools,DSML,Unhappy With Course Curriculum (NPS),6,Complete,Solved,3
75696311802,11/12/2024,15:19:30,Rohit Gupta,13/12/2024,10:38:26,Counselling Team - NPS,Others (NPS),8551019709,learner148@example.com,Placement team requires 2+ years experience but won't help freshers. Catch-22 situation where experience needed for placement but placement needed for experience.,Launched fresh graduate placement track with entry-level focused companies,DSML,Not eligible for placements (NPS),9,Complete,Solved,2
75807903732,13/12/2024,14:28:21,Sneha Reddy,17/12/2024,15:07:47,Counselling Team - NPS,Tech (NPS),9796181989,learner149@example.com,Applied to 43 DevOps positions but recruiters say experience looks theoretical. Need real production environment projects to demonstrate practical skills.,Arranged internship-style capstone project with live infrastructure,DSML,Frequent Resume Rejection (NPS),7,Complete,Solved,4
75927215082,12/12/2024,18:50:15,Lisa Rodriguez,13/12/2024,5:47:53,Counselling Team - NPS,Placement (NPS),8615145225,learner150@example.com,Placement team requires 2+ years experience but won't help freshers. Catch-22 situation where experience needed for placement but placement needed for experience.,Launched fresh graduate placement track with entry-level focused companies,DevOps,Not eligible for placements (NPS),6,Complete,Solved,1
75895663087,11/12/2024,20:13:28,Sneha Reddy,17/12/2024,6:33:13,Counselling Team - NPS,Others (NPS),9975704877,learner151@example.com,Transitioning from mechanical engineering to software development. Resume lacks relevant projects and recruiters doubt career change authenticity.,Created transition portfolio with domain-crossover projects,DevOps,Frequent Resume Rejection (NPS),9,Complete,Solved,6
75479419456,24/12/2024,16:38:30,Priya Sharma,31/12/2024,0:43:25,Counselling Team - NPS,Others (NPS),8721444792,learner152@example.com,"Full Stack development track doesn't cover modern React patterns like hooks, context, or Next.js. Still teaching class components from React 16.",Complete overhaul of React curriculum to cover React 18 features,AIML,Unhappy With Course Curriculum (NPS),9,Complete,Solved,7
75517434526,14/12/2024,12:42:42,Lisa Rodriguez,18/12/2024,15:17:04,Counselling Team - NPS,Placement (NPS),7714418371,learner153@example.com,Contract/freelance offers available but seeking permanent positions with benefits and job security. Market seems tilted toward gig work.,Targeted Infosys outreach focusing on full-time opportunity pipeline,DevOps,Applied for jobs but no satisfactory outcome (NPS),6,Complete,Solved,4
75677818215,20/12/2024,12:32:47,Carlos Martinez,,,Counselling Team - NPS,Tech (NPS),9396563469,learner154@example.com,Screen sharing resolution too low during coding sessions. Can't read code examples on mobile device. Zoom compression makes text blurry.,Upgraded streaming quality to 1080p and optimized for mobile viewing,AIML,Poor Class video quality (NPS),5,Pending,In Progress,0
75770405910,18/12/2024,9:30:06,Mike Chen,27/12/2024,8:53:31,Counselling Team - NPS,Placement (NPS),8786600854,learner155@example.com,Previous employment gap of 3 years due to child care responsibilities creates placement barrier. Returning mothers face additional discrimination.,Partnered with diversity-focused companies supporting career restart initiatives,DevOps,Not eligible for placements (NPS),8,Complete,Solved,9
75504821934,26/12/2024,16:46:44,Mike Chen,07/01/2025,0:23:22,Counselling Team - NPS,Tech (NPS),8369705770,learner156@example.com,"Academy Python track missing async programming, type hints, and dataclasses. These are mandatory for senior roles at Google, Microsoft, Meta. Current content feels like 2020 curriculum.",Added advanced Python module covering modern language features,DSML,Unhappy With Course Curriculum (NPS),7,Complete,Solved,12
75661899532,25/02/2024,17:11:35,Jessica Kim,07/03/2024,2:34:25,Counselling Team - NPS,Tech (NPS),8421589752,learner157@example.com,"DevOps curriculum missing GitOps, service mesh, and observability tools. Only covers basic Docker and Jenkins. Modern DevOps uses ArgoCD, Istio, Prometheus.",Updated DevOps track with cloud-native toolchain coverage,AIML,Unhappy With Course Curriculum (NPS),6,Complete,Solved,11
75882727494,10/03/2024,18:27:24,David Wilson,,,Counselling Team - NPS,Program & Classroom (NPS),7922542252,learner158@example.com,Contract/freelance offers available but seeking permanent positions with benefits and job security. Market seems tilted toward gig work.,Targeted Microsoft outreach focusing on full-time opportunity pipeline,AIML,Applied for jobs but no satisfactory outcome (NPS),7,Pending,In Progress,0
75611606895,21/09/2024,16:07:16,Lisa Rodriguez,02/10/2024,2:17:06,Counselling Team - NPS,Program & Classroom (NPS),9266518721,learner159@example.com,"Career guidance sessions focus only on technical skills. No discussion about salary negotiation, PayTM culture fit, or work-life balance considerations.",Introduced holistic career coaching covering all professional aspects,AIML,Mentor Support Related Concerns (NPS),8,Complete,Solved,11
75719378952,20/09/2024,18:37:05,David Wilson,27/09/2024,16:38:33,Counselling Team - NPS,Placement (NPS),8345122542,learner160@example.com,Audio-video sync issues during recorded playback. Instructor Nina Patel's voice doesn't match lip movement by 2-3 seconds. Distracting during learning.,Fixed encoding pipeline and re-processed affected recordings,DevOps,Poor Class video quality (NPS),9,Complete,Solved,7
75812005439,08/10/2024,15:11:31,Sarah Johnson,16/10/2024,3:15:11,Counselling Team - NPS,Tech (NPS),9978271740,learner161@example.com,"Machine Learning module lacks MLOps content. No coverage of model deployment, monitoring, or A/B testing. Industry expects end-to-end ML pipeline knowledge.",Adding MLOps specialization track with hands-on deployment projects,Academy,Unhappy With Course Curriculum (NPS),9,Complete,Solved,8
75410290140,11/11/2024,16:08:12,David Wilson,22/11/2024,9:55:46,Counselling Team - NPS,Others (NPS),9411976659,learner162@example.com,Screen sharing resolution too low during coding sessions. Can't read code examples on mobile device. Zoom compression makes text blurry.,Upgraded streaming quality to 1080p and optimized for mobile viewing,DevOps,Poor Class video quality (NPS),10,Complete,Solved,11
75636791759,20/01/2024,13:02:17,Sarah Johnson,29/01/2024,7:33:15,Counselling Team - NPS,Others (NPS),9309011435,learner163@example.com,Geographic restrictions limiting opportunities. Family commitments require staying in Tier-2 city but most opportunities in Bangalore/Hyderabad.,Focused on remote opportunities and companies with distributed teams,Academy,Applied for jobs but no satisfactory outcome (NPS),6,Complete,Solved,9
75522628457,02/08/2024,13:49:34,Lisa Rodriguez,08/08/2024,3:03:30,Counselling Team - NPS,Others (NPS),9328058564,learner164@example.com,Resume highlighting DSML completion not attracting ML Engineer positions. Only getting data entry or analyst roles below skill level and salary expectations.,Added ML portfolio projects and technical blog writing to demonstrate expertise,AIML,Frequent Resume Rejection (NPS),8,Complete,Solved,6
75882896428,15/08/2024,13:22:55,David Wilson,25/08/2024,13:26:00,Counselling Team - NPS,Tech (NPS),8885790857,learner165@example.com,No downloadable notes provided for complex topics. Difficult to review mathematical formulas and algorithms without written reference material.,Created comprehensive downloadable study guides for all modules,AIML,Lecture Notes Related (NPS),6,Complete,Solved,10
75549502403,19/10/2024,12:52:13,Carlos Martinez,27/10/2024,13:02:59,Counselling Team - NPS,Placement (NPS),9448450685,learner166@example.com,No downloadable notes provided for complex topics. Difficult to review mathematical formulas and algorithms without written reference material.,Created comprehensive downloadable study guides for all modules,AIML,Lecture Notes Related (NPS),6,Complete,Solved,8
75687057426,17/08/2024,17:57:43,David Wilson,20/08/2024,20:19:50,Counselling Team - NPS,Others (NPS),7582349911,learner167@example.com,"Considering freelancing transition after 8 years in corporate. Need guidance on building client base, pricing projects, and managing business aspects.",Introduced to successful freelancer mentor and provided business setup guidance,DevOps,Looking For Career Guidance (NPS),10,Complete,Solved,3
75821659217,13/07/2024,16:09:36,Sarah Johnson,19/07/2024,2:55:08,Counselling Team - NPS,Program & Classroom (NPS),9696435541,learner168@example.com,Told course would take 6 months but curriculum actually requires 10+ months for completion. Time commitment significantly underestimated.,Updated course duration estimates and provided realistic timeline planning,Academy,False Promise By Sales Team (NPS),10,Complete,Solved,6
75796287154,17/08/2024,16:31:20,Mike Chen,24/08/2024,18:19:37,Counselling Team - NPS,Others (NPS),7010621799,learner169@example.com,Assignment instructions assume prior knowledge not covered in lectures. Database project requires PostgreSQL when only MySQL was taught in class.,Added prerequisite tutorials and Azure setup guides,Academy,Projects & Assignment Related Concern (NPS),10,Complete,Solved,7
75627473778,01/06/2024,16:17:20,Rohit Gupta,05/06/2024,6:32:25,Counselling Team - NPS,Placement (NPS),8450647350,learner170@example.com,No downloadable notes provided for complex topics. Difficult to review mathematical formulas and algorithms without written reference material.,Created comprehensive downloadable study guides for all modules,Academy,Lecture Notes Related (NPS),10,Complete,Solved,4
75893472161,19/07/2024,9:07:59,Sneha Reddy,28/07/2024,5:42:25,Counselling Team - NPS,Program & Classroom (NPS),8895308730,learner171@example.com,Clearing technical rounds but failing in cultural fit assessments. Companies say not aligned with startup pace or collaborative work style.,Added soft skills training and Swiggy culture preparation sessions,DSML,Applied for jobs but no satisfactory outcome (NPS),6,Complete,Solved,9
75694226159,26/02/2024,10:41:23,Sarah Johnson,02/03/2024,10:41:38,Counselling Team - NPS,Others (NPS),7353993484,learner172@example.com,"TA Rohit takes 2-3 days to respond to doubt resolution requests. Critical errors in assignments go unresolved, affecting submission deadlines.",Implemented 24-hour response SLA for TAs and hired additional support staff,DevOps,TA Support Related Concerns (NPS),10,Complete,Solved,5
75401166414,13/07/2024,12:30:04,Sneha Reddy,25/07/2024,7:35:05,Counselling Team - NPS,Program & Classroom (NPS),9549834042,learner173@example.com,Interested in startup environment but concerned about job security with family responsibilities. Need advice on evaluating startup opportunities vs established companies.,Conducted detailed career counseling session on risk assessment and planning,DevOps,Looking For Career Guidance (NPS),7,Complete,Solved,12
75476051319,10/04/2024,12:24:05,Lisa Rodriguez,19/04/2024,1:31:15,Counselling Team - NPS,Others (NPS),7443247229,learner174@example.com,Mock interview sessions lack depth. Mentor asks basic questions without simulating real interview pressure or providing improvement feedback.,Upgraded to senior mentor with interviewing experience at target companies,DSML,Mentor Support Related Concerns (NPS),10,Complete,Solved,9
75473456403,18/08/2024,17:36:00,Carlos Martinez,27/08/2024,14:12:03,Counselling Team - NPS,Program & Classroom (NPS),9791815554,learner175@example.com,Want to pursue management track vs staying technical. Currently team lead but unsure about MBA requirements and career progression options.,Arranged sessions with both technical architects and engineering managers,AIML,Looking For Career Guidance (NPS),6,Complete,Solved,9
75550337960,01/09/2024,10:37:46,Lisa Rodriguez,10/09/2024,4:51:51,Counselling Team - NPS,Placement (NPS),8509834067,learner176@example.com,Holiday classes scheduled during Diwali week without considering festival commitments. Attendance drops to 30% affecting AIML Jul25 momentum.,Rescheduled holiday periods and created festival-friendly calendar,DSML,Time Management Related Concerns (NPS),9,Complete,Solved,9
75723893509,01/09/2024,12:33:38,Carlos Martinez,10/09/2024,13:57:59,Counselling Team - NPS,Program & Classroom (NPS),7810230640,learner177@example.com,No code review feedback provided for assignments. Submitting working solutions but don't know if following best practices or industry standards.,Introduced mandatory code review sessions with senior developers,DSML,Projects & Assignment Related Concern (NPS),10,Complete,Solved,9
75967243311,10/03/2024,9:23:59,Priya Sharma,20/03/2024,20:29:20,Counselling Team - NPS,Others (NPS),7566862173,learner178@example.com,Evening AIML Aug25 starts at 7 PM when dinner time with family. Work-life balance getting affected due to late learning schedule.,Introduced early evening slots (6-8 PM) based on demand,DevOps,Applied for jobs but no satisfactory outcome (NPS),8,Complete,Solved,10
75414810579,14/12/2024,13:13:02,Carlos Martinez,19/12/2024,21:50:05,Counselling Team - NPS,Others (NPS),8709289717,learner179@example.com,Assignment instructions assume prior knowledge not covered in lectures. Database project requires PostgreSQL when only MySQL was taught in class.,Added prerequisite tutorials and Azure setup guides,AIML,Projects & Assignment Related Concern (NPS),10,Complete,Solved,5
75697928718,20/03/2024,10:19:05,Amit Patel,31/03/2024,12:10:34,Counselling Team - NPS,Placement (NPS),7872726570,learner180@example.com,"Job offers coming from service companies but goal is product companies. Unable to break into companies like Flipkart, Swiggy, or Zomato despite preparation.",Connected with product Uber employees for referrals and insider insights,DevOps,Applied for jobs but no satisfactory outcome (NPS),10,Complete,Solved,11
75462176039,05/11/2024,12:05:59,Carlos Martinez,14/11/2024,14:09:26,Counselling Team - NPS,Program & Classroom (NPS),7498158588,learner181@example.com,Sales promised 100% job guarantee within 6 months but placement team says no such commitment exists. Feel misled about course outcomes.,Clarified placement support terms and provided additional career assistance,DevOps,False Promise By Sales Team (NPS),7,Complete,Solved,9
75575913951,14/10/2024,16:22:33,Sneha Reddy,17/10/2024,18:05:43,Counselling Team - NPS,Placement (NPS),8113457241,learner182@example.com,"TA Rohit takes 2-3 days to respond to doubt resolution requests. Critical errors in assignments go unresolved, affecting submission deadlines.",Implemented 24-hour response SLA for TAs and hired additional support staff,AIML,TA Support Related Concerns (NPS),10,Complete,Solved,3
75860983746,16/04/2024,13:33:04,Carlos Martinez,18/04/2024,7:29:27,Counselling Team - NPS,Tech (NPS),9476700066,learner183@example.com,Assignment deadlines clash with office project deliveries. Given 3 major assignments during typical sprint planning weeks. Need better coordination.,Staggered assignment deadlines and provided extension options,DevOps,Time Management Related Concerns (NPS),8,Complete,Solved,2
75510493305,11/06/2024,18:43:46,Sneha Reddy,18/06/2024,20:43:19,Counselling Team - NPS,Others (NPS),7980989514,learner184@example.com,Screen sharing resolution too low during coding sessions. Can't read code examples on mobile device. Zoom compression makes text blurry.,Upgraded streaming quality to 1080p and optimized for mobile viewing,DevOps,Poor Class video quality (NPS),7,Complete,Solved,7
75993634042,01/09/2024,20:47:41,Mike Chen,12/09/2024,18:11:55,Counselling Team - NPS,Program & Classroom (NPS),7964285941,learner185@example.com,Weekend Academy Jul25 Beginner timing (10 AM - 2 PM) conflicts with family time. Children's activities and household responsibilities suffer due to class schedule.,Created flexible weekend options with shorter session formats,Academy,Unhappy With The Class Timings (NPS),9,Complete,Solved,11
75528205773,02/11/2024,17:43:57,Carlos Martinez,09/11/2024,0:19:35,Counselling Team - NPS,Program & Classroom (NPS),7770278136,learner186@example.com,"Planning to relocate from Bangalore to Pune for family reasons. Unclear about job market, salary differences, and Ola options in Pune tech scene.",Connected with local Pune-based mentors and provided market insights,DevOps,Looking For Career Guidance (NPS),6,Complete,Solved,7
75993877361,11/10/2024,16:00:23,Rohit Gupta,22/10/2024,23:26:44,Counselling Team - NPS,Others (NPS),8252391379,learner187@example.com,Assigned mentor Priya Sharma unresponsive to career queries for 3+ weeks. Sent 7 messages about transitioning from manual testing to automation but zero replies.,Reassigned to senior automation mentor and implemented response time SLA,DevOps,Mentor Support Related Concerns (NPS),6,Complete,Solved,11
75561669421,17/08/2024,9:59:26,Jessica Kim,25/08/2024,4:20:09,Counselling Team - NPS,Others (NPS),8000717686,learner188@example.com,Background verification issues due to previous Microsoft closure. Documentation unavailable but work experience legitimate and verifiable through colleagues.,Created alternative verification process using professional references,DSML,Not eligible for placements (NPS),7,Complete,Solved,8
75850773824,09/07/2024,16:03:09,Priya Sharma,18/07/2024,19:43:48,Counselling Team - NPS,Others (NPS),7399546384,learner189@example.com,Multiple interview rounds cleared but final selection goes to internal referrals. External candidates seem disadvantaged despite equal performance.,Expanded alumni network for referral opportunities and insider advocacy,Academy,Applied for jobs but no satisfactory outcome (NPS),8,Complete,Solved,9
75823431477,24/10/2024,10:37:36,Carlos Martinez,30/10/2024,22:17:23,Counselling Team - NPS,Others (NPS),8868237222,learner190@example.com,"Priya Patel rushes through Python concepts without checking student understanding. Covers list comprehensions, decorators, and generators in single session. No time for practice exercises.",Restructured curriculum to allocate more time per concept,DSML,Instructor Related Feedback (NPS),10,Complete,Solved,6
75741511874,24/06/2024,16:17:14,Lisa Rodriguez,05/07/2024,11:06:19,Counselling Team - NPS,Others (NPS),7870644102,learner191@example.com,Screen sharing resolution too low during coding sessions. Can't read code examples on mobile device. Zoom compression makes text blurry.,Upgraded streaming quality to 1080p and optimized for mobile viewing,DevOps,Poor Class video quality (NPS),7,Complete,Solved,11
75885242269,16/07/2024,13:29:16,Sneha Reddy,18/07/2024,13:39:15,Counselling Team - NPS,Others (NPS),7388354759,learner192@example.com,Weekend AIML sessions run 5 hours straight (10 AM - 3 PM) without proper breaks. Exhausting for working parents with family commitments on weekends.,Restructured to 3-hour sessions with 30-minute breaks every 90 minutes,DevOps,Time Management Related Concerns (NPS),10,Complete,Solved,2
75720877774,02/01/2024,13:52:11,Sarah Johnson,03/01/2024,8:04:07,Counselling Team - NPS,Program & Classroom (NPS),8736851379,learner193@example.com,Academy DevOps Aug25 timing changes announced with 1-day notice. Difficult to reschedule work meetings and personal commitments on short notice.,Implemented 1-week advance notice policy for any schedule changes,DevOps,Time Management Related Concerns (NPS),8,Complete,Solved,1
75638680070,02/05/2024,11:12:52,Amit Patel,04/05/2024,9:34:03,Counselling Team - NPS,Placement (NPS),8598757527,learner194@example.com,Lecture slides contain only bullet points without detailed explanations. Need comprehensive notes for exam preparation and interview revision.,Enhanced slides with detailed explanations and examples,DevOps,Lecture Notes Related (NPS),9,Complete,Solved,2
75538288872,18/12/2024,10:57:54,Lisa Rodriguez,30/12/2024,13:51:48,Counselling Team - NPS,Program & Classroom (NPS),7526252306,learner195@example.com,Screen sharing resolution too low during coding sessions. Can't read code examples on mobile device. Zoom compression makes text blurry.,Upgraded streaming quality to 1080p and optimized for mobile viewing,Academy,Poor Class video quality (NPS),6,Complete,Solved,12
75431656371,23/01/2024,15:43:27,Jessica Kim,02/02/2024,0:33:46,Counselling Team - NPS,Placement (NPS),8520174713,learner196@example.com,"Teaching pace in Data Structures class is inconsistent. Some days covers 3 algorithms, other days struggles with basic concepts. No structured lesson planning visible.",Introduced standardized lesson plans with time allocations,AIML,Instructor Related Feedback (NPS),8,Complete,Solved,10
75842373256,05/08/2024,17:30:03,David Wilson,06/08/2024,11:22:09,Counselling Team - NPS,Others (NPS),8201628712,learner197@example.com,Weekly mentor sessions rushed and superficial. Last call was 8 minutes discussing 6-month career roadmap. Need dedicated time for meaningful guidance.,Increased minimum session duration to 30 minutes with structured agenda,AIML,Mentor Support Related Concerns (NPS),8,Complete,Solved,1
75915057244,21/07/2024,17:50:31,Priya Sharma,29/07/2024,6:12:16,Counselling Team - NPS,Others (NPS),9429453032,learner198@example.com,Group project team members unresponsive and not contributing equally. Carrying entire workload solo while others get same grades. Need individual assessment.,Implemented peer evaluation system and individual contribution tracking,DSML,Projects & Assignment Related Concern (NPS),10,Complete,Solved,8
75462911855,01/11/2024,16:33:22,Priya Sharma,13/11/2024,18:35:34,Counselling Team - NPS,Program & Classroom (NPS),7999705716,learner199@example.com,Multiple interview rounds cleared but final selection goes to internal referrals. External candidates seem disadvantaged despite equal performance.,Expanded alumni network for referral opportunities and insider advocacy,Academy,Applied for jobs but no satisfactory outcome (NPS),8,Complete,Solved,12
75780968571,27/05/2024,11:11:15,Jessica Kim,06/06/2024,23:03:41,Counselling Team - NPS,Others (NPS),8365818354,learner200@example.com,Weekend AIML sessions run 5 hours straight (10 AM - 3 PM) without proper breaks. Exhausting for working parents with family commitments on weekends.,Restructured to 3-hour sessions with 30-minute breaks every 90 minutes,DevOps,Time Management Related Concerns (NPS),9,Complete,Solved,10
75982101860,26/11/2024,13:11:31,Sarah Johnson,27/11/2024,10:27:48,Counselling Team - NPS,Program & Classroom (NPS),7387652480,learner201@example.com,Told course would take 6 months but curriculum actually requires 10+ months for completion. Time commitment significantly underestimated.,Updated course duration estimates and provided realistic timeline planning,Academy,False Promise By Sales Team (NPS),9,Complete,Solved,1
75765887237,25/04/2024,20:11:58,Sneha Reddy,01/05/2024,1:58:02,Counselling Team - NPS,Tech (NPS),7255790920,learner202@example.com,"Priya Patel rushes through Python concepts without checking student understanding. Covers list comprehensions, decorators, and generators in single session. No time for practice exercises.",Restructured curriculum to allocate more time per concept,DevOps,Instructor Related Feedback (NPS),6,Complete,Solved,6
75508482467,25/06/2024,14:19:20,Jessica Kim,28/06/2024,5:04:14,Counselling Team - NPS,Program & Classroom (NPS),7676474018,learner203@example.com,Instructor Nina Patel David Chen frequently cancels AWS sessions due to health issues. This month: 5 out of 8 scheduled classes cancelled. Students falling behind on cloud certification timeline.,Assigned backup instructor and provided comprehensive recorded sessions,DSML,Instructor Related Feedback (NPS),9,Complete,Solved,3
75639699130,21/05/2024,19:37:52,Rohit Gupta,27/05/2024,5:15:12,Counselling Team - NPS,Placement (NPS),8625147377,learner204@example.com,Evening AIML Jul25 starts at 7 PM when dinner time with family. Work-life balance getting affected due to late learning schedule.,Introduced early evening slots (6-8 PM) based on demand,DevOps,Unhappy With The Class Timings (NPS),7,Complete,Solved,6
75434770706,09/02/2024,11:38:20,David Wilson,11/02/2024,10:40:32,Counselling Team - NPS,Tech (NPS),7948737873,learner205@example.com,"Resume format doesn't work for startup applications. Too formal for young companies, but changing format affects ATS performance at large corporations.",Created dual resume strategy for different Wipro types,DevOps,Frequent Resume Rejection (NPS),9,Complete,Solved,2
75760508244,07/04/2024,16:00:16,David Wilson,14/04/2024,10:57:27,Counselling Team - NPS,Placement (NPS),8071769843,learner206@example.com,Screen sharing resolution too low during coding sessions. Can't read code examples on mobile device. Zoom compression makes text blurry.,Upgraded streaming quality to 1080p and optimized for mobile viewing,Academy,Poor Class video quality (NPS),7,Complete,Solved,7
75929442753,15/01/2024,15:22:34,Mike Chen,20/01/2024,6:01:26,Counselling Team - NPS,Tech (NPS),7435632331,learner207@example.com,Weekend Academy Jul25 Beginner timing (10 AM - 2 PM) conflicts with family time. Children's activities and household responsibilities suffer due to class schedule.,Created flexible weekend options with shorter session formats,DSML,Unhappy With The Class Timings (NPS),8,Complete,Solved,5
75680383739,28/06/2024,10:04:21,Rohit Gupta,10/07/2024,3:56:47,Counselling Team - NPS,Tech (NPS),8612579345,learner208@example.com,Lecture slides contain only bullet points without detailed explanations. Need comprehensive notes for exam preparation and interview revision.,Enhanced slides with detailed explanations and examples,Academy,Lecture Notes Related (NPS),10,Complete,Solved,12
75863129902,15/09/2024,19:10:38,Rohit Gupta,22/09/2024,15:49:42,Counselling Team - NPS,Placement (NPS),7674755608,learner209@example.com,Weekend AIML sessions run 5 hours straight (10 AM - 3 PM) without proper breaks. Exhausting for working parents with family commitments on weekends.,Restructured to 3-hour sessions with 30-minute breaks every 90 minutes,AIML,Time Management Related Concerns (NPS),10,Complete,Solved,7
75719331516,05/05/2024,12:06:03,Amit Patel,06/05/2024,7:10:43,Counselling Team - NPS,Others (NPS),9455732633,learner210@example.com,"Sarah Johnson teaching DevOps has microphone issues every class. Voice cuts out during Docker explanations, students miss critical commands. Reported 4 times this month, still not fixed.",Technical team replaced instructor's audio equipment immediately,Academy,Instructor Related Feedback (NPS),7,Complete,Solved,1
75427633490,12/09/2024,12:10:40,Mike Chen,16/09/2024,15:31:57,Counselling Team - NPS,Program & Classroom (NPS),7351912852,learner211@example.com,Geographic restrictions limiting opportunities. Family commitments require staying in Tier-2 city but most opportunities in Bangalore/Hyderabad.,Focused on remote opportunities and companies with distributed teams,Academy,Applied for jobs but no satisfactory outcome (NPS),8,Complete,Solved,4
75598514700,21/01/2024,14:56:24,Jessica Kim,30/01/2024,3:50:27,Counselling Team - NPS,Program & Classroom (NPS),7801367625,learner212@example.com,Teaching Assistant lacks depth in advanced topics. Can help with basic syntax but struggles with algorithm optimization and complexity analysis questions.,Assigned senior TA with computer science background for advanced topic support,DevOps,TA Support Related Concerns (NPS),8,Complete,Solved,9
75492027526,16/04/2024,19:22:51,Jessica Kim,17/04/2024,2:44:05,Counselling Team - NPS,Tech (NPS),8778059107,learner213@example.com,"TA Rohit takes 2-3 days to respond to doubt resolution requests. Critical errors in assignments go unresolved, affecting submission deadlines.",Implemented 24-hour response SLA for TAs and hired additional support staff,AIML,TA Support Related Concerns (NPS),7,Complete,Solved,1
75720890008,06/03/2024,10:25:57,Amit Patel,17/03/2024,5:00:06,Counselling Team - NPS,Program & Classroom (NPS),9156509381,learner214@example.com,Sales promised 100% job guarantee within 6 months but placement team says no such commitment exists. Feel misled about course outcomes.,Clarified placement support terms and provided additional career assistance,Academy,False Promise By Sales Team (NPS),6,Complete,Solved,11
75606938058,20/04/2024,11:02:27,Rohit Gupta,02/05/2024,12:52:02,Counselling Team - NPS,Others (NPS),9934001543,learner215@example.com,Placement team requires 2+ years experience but won't help freshers. Catch-22 situation where experience needed for placement but placement needed for experience.,Launched fresh graduate placement track with entry-level focused companies,AIML,Not eligible for placements (NPS),8,Complete,Solved,12
75997391512,22/04/2024,15:35:20,Sarah Johnson,29/04/2024,14:01:05,Counselling Team - NPS,Others (NPS),9232043732,learner216@example.com,Python assignment auto-grading system has bugs. Correct solutions marked wrong due to output formatting differences. Frustrating when code logic is perfect.,Fixed grading system and manually reviewed affected submissions,AIML,Projects & Assignment Related Concern (NPS),6,Complete,Solved,7
75513424523,24/07/2024,18:49:06,Sneha Reddy,27/07/2024,23:26:24,Counselling Team - NPS,Placement (NPS),9300528259,learner217@example.com,"TA Rohit takes 2-3 days to respond to doubt resolution requests. Critical errors in assignments go unresolved, affecting submission deadlines.",Implemented 24-hour response SLA for TAs and hired additional support staff,DSML,TA Support Related Concerns (NPS),6,Complete,Solved,3
75554460628,14/12/2024,18:38:43,Priya Sharma,15/12/2024,15:51:49,Counselling Team - NPS,Program & Classroom (NPS),7166569717,learner218@example.com,"Interested in international opportunities but confused about visa processes, skill requirements, and cultural preparation for US/Canada markets.",Connected with professionals who successfully relocated internationally,Academy,Looking For Career Guidance (NPS),6,Complete,Solved,1
75725402780,14/09/2024,13:17:53,Lisa Rodriguez,23/09/2024,18:44:23,Counselling Team - NPS,Tech (NPS),9990082548,learner219@example.com,No code review feedback provided for assignments. Submitting working solutions but don't know if following best practices or industry standards.,Introduced mandatory code review sessions with senior developers,DSML,Projects & Assignment Related Concern (NPS),6,Complete,Solved,9
75601794412,20/07/2024,16:13:58,Amit Patel,29/07/2024,8:23:42,Counselling Team - NPS,Tech (NPS),9080741273,learner220@example.com,Screen sharing resolution too low during coding sessions. Can't read code examples on mobile device. Zoom compression makes text blurry.,Upgraded streaming quality to 1080p and optimized for mobile viewing,AIML,Poor Class video quality (NPS),6,Complete,Solved,9
75606978174,13/07/2024,12:53:03,Mike Chen,18/07/2024,2:51:35,Counselling Team - NPS,Program & Classroom (NPS),7142039044,learner221@example.com,Told course would take 6 months but curriculum actually requires 10+ months for completion. Time commitment significantly underestimated.,Updated course duration estimates and provided realistic timeline planning,DSML,False Promise By Sales Team (NPS),7,Complete,Solved,5
75432816979,22/02/2024,12:23:31,Priya Sharma,24/02/2024,13:53:53,Counselling Team - NPS,Tech (NPS),8915999663,learner222@example.com,"TA Rohit takes 2-3 days to respond to doubt resolution requests. Critical errors in assignments go unresolved, affecting submission deadlines.",Implemented 24-hour response SLA for TAs and hired additional support staff,AIML,TA Support Related Concerns (NPS),8,Complete,Solved,2
75706090918,17/08/2024,9:24:03,David Wilson,,,Counselling Team - NPS,Tech (NPS),9457829635,learner223@example.com,Holiday classes scheduled during Diwali week without considering festival commitments. Attendance drops to 30% affecting DevOps Aug25 momentum.,Rescheduled holiday periods and created festival-friendly calendar,DevOps,Time Management Related Concerns (NPS),4,Pending,In Progress,0
75542071170,22/01/2024,19:11:38,Priya Sharma,01/02/2024,22:54:02,Counselling Team - NPS,Placement (NPS),7961084962,learner224@example.com,Sales promised 100% job guarantee within 6 months but placement team says no such commitment exists. Feel misled about course outcomes.,Clarified placement support terms and provided additional career assistance,AIML,False Promise By Sales Team (NPS),7,Complete,Solved,10
75509856785,10/03/2024,9:32:42,Jessica Kim,,,Counselling Team - NPS,Others (NPS),9411439945,learner225@example.com,"Resume format doesn't work for startup applications. Too formal for young companies, but changing format affects ATS performance at large corporations.",Created dual resume strategy for different Flipkart types,Academy,Frequent Resume Rejection (NPS),6,Pending,In Progress,0
